Codigo,Estacion,Municipio,Departamento,Latitud,Longitud,Elevacion,Entidad,ENE,FEB,MAR,ABR,MAY,JUN,JUL,AGO,SEP,OCT,NOV,DIC,Promedio_Anual,Anos_Info,Fecha_Inicio,Fecha_Final,Annual_Average
48015040,Puerto Nariño,Puerto Nariño,Amazonas,-3.78,-70.36,158,IDEAM (aut.),3.2344,3.1643,3.6768,3.294,3.2508,2.8978,3.7461,4.0157,4.2146,3.8695,3.5122,3.3451,"3,5184",3,Aug 14,Okt 19,3.5184
12015100,Pista Indira,Apartadó (Turbo en DHIME),Antioquía,7.94,-76.7,15,IDEAM (aut.),4.2253,4.7917,4.1541,4.1206,4.0927,3.8202,4.1315,4.3199,4.1343,4.3661,4.0096,3.8303,"4,1664",4,Jan 17,Apr 20,4.1664
12015110,Chigorodó,Chigorodó,Antioquía,7.67,-76.69,44,IDEAM (aut.),4.6314,5.4364,4.6117,4.2996,4.1318,3.7267,3.9327,4.2536,4.2638,4.5257,3.9295,4.4142,"4,3464",3,Jan 17,Sep 19,4.3464
23105070,Maceo,Maceo (Yolombó en DHIME),Antioquía,6.57,-74.79,980,IDEAM (aut.),4.4443,4.5714,4.3803,4.4043,4.5402,5.0844,5.2969,5.3959,5.4261,4.5204,3.9744,4.1446,"4,6819",9,Apr 06,Feb 17,4.6819
27015330,Aeropuerto Olaya Herrera,Medellín,Antioquía,6.22,-75.59,1506,IDEAM (conv.),4.3826,4.0913,4.2957,4.1652,4.0505,4.3216,4.6681,4.6057,4.5951,4.419,3.9583,4.1494,"4,3085",4,Jul 92,Jun 97,4.3085
27015330,Aeropuerto Olaya Herrera,Medellín,Antioquía,6.22,-75.59,1506,IDEAM (aut.),4.4728,4.5325,4.2398,4.0956,4.2793,4.5702,4.856,4.882,4.3713,4.2153,3.9214,4.0534,"4,3741",8,Dez 14,Okt 22,4.3741
27015310,Metromedellin,Medellín,Antioquía,6.33,-75.55,1440,IDEAM (aut.),4.3912,4.7382,4.3187,4.3316,4.3003,4.8025,4.9864,4.862,4.8612,4.155,4.0715,4.2515,"4,5058",10,Jul 05,Aug 18,4.5058
23085260,La Selva,Rionegro,Antioquía,6.13,-75.41,2125,IDEAM (aut.),4.1831,4.2798,4.0922,4.2422,4.731,5.2147,5.3936,5.1536,4.7968,4.377,3.9539,4.3069,"4,5604",6,Mai 05,Nov 16,4.5604
26185050,Santa Bárbara,Santa Barbara,Antioquía,5.86,-75.56,1680,IDEAM (aut.),5.1528,5.1033,4.9041,4.5285,4.5284,5.0276,5.4234,5.0569,5.0732,4.699,4.4682,4.4697,"4,8696",8,Apr 06,Nov 16,4.8696
27015320,Aragón,Santa Rosa de Osos,Antioquía,6.78,-75.56,2652,IDEAM (aut.),4.2102,4.2537,3.7947,3.7316,3.8971,4.5536,4.8576,4.7844,4.7894,3.8563,3.5285,3.8504,"4,1756",11,Mai 05,Nov 16,4.1756
26225060,Hacienda Cotové,Santafé de Antioquia,Antioquía,6.53,-75.83,534,IDEAM (aut.),4.5022,4.7669,4.6308,4.9247,4.8376,4.7785,4.9628,5.0098,4.8172,4.635,4.4373,4.2368,"4,7116",9,Mai 05,Nov 16,4.7116
23070020,Rio Claro,Sonson,Antioquía,5.86,-74.85,449,IDEAM (conv.),4.1993,4.188,4.1121,4.7629,4.8183,4.6509,4.9569,4.898,4.788,4.1842,4.2818,4.2009,"4,5034",3,Feb 87,Apr 89,4.5034
26255030,Santa Isabel-Valdivia,Valdivia,Antioquía,7.16,-75.44,1132,IDEAM (aut.),4.0182,4.1971,4.0537,3.9788,3.9767,4.2768,4.6309,4.5753,4.5125,4.1888,4.0909,4.0456,"4,2121",16,Mai 05,Okt 22,4.2121
23105060,Vegachí,Vegachí ,Antioquía,6.77,-74.8,990,IDEAM (aut.),4.3649,4.4192,4.1778,4.1955,4.3943,4.9181,5.2169,5.0559,4.9112,4.3303,4.1741,4.2795,"4,5365",8,Mai 05,Jan 17,4.5365
37055010,Aeropuerto Santiago Pérez,Arauca,Arauca,7.07,-70.74,128,IDEAM (conv.),5.1563,4.4841,4.6171,4.3955,4.2926,4.204,4.2991,4.4161,4.8959,4.7025,4.7865,5.2124,"4,6218",3,Jan 86,Jan 92,4.6218
29045180,Las Flores,Barranquilla,Atlántico,11.04,-74.82,8,IDEAM (aut.),6.2127,6.025,6.2976,5.6604,5.5663,5.6964,5.8302,5.5202,5.0608,4.8003,4.8996,5.6274,"5,5997",6,Nov 09,Aug 15,5.5997
29035200,Repelón,Repelón,Atlántico,10.49,-75.13,10,IDEAM (aut.),5.5927,5.763,5.7996,5.7473,4.9626,5.4947,5.5815,5.4758,5.3133,4.5955,4.7243,5.3274,"5,3648",4,Apr 09,Jul 17,5.3648
29045190,Aeropuerto Ernesto Cortissoz,Soledad,Atlántico,10.92,-74.78,14,IDEAM (aut.),5.7186,5.95,5.6409,5.0903,4.2792,4.7163,4.8558,4.8947,4.952,4.2888,4.4263,5.3804,"5,0161",5,Mrz 14,Okt 19,5.0161
29015040,Carmen de Bolívar,Carmen de Bolívar,Bolívar,9.72,-75.11,152,IDEAM (aut.),4.7637,5.1202,5.1242,4.8953,4.6077,5.2178,5.3026,5.1546,4.548,4.1735,4.1825,4.4733,"4,797",5,Feb 12,Feb 17,4.7969
14015080,Aeropuerto Rafael Núñez,Cartagena,Bolívar,10.45,-75.52,2,IDEAM (conv.),6.1948,6.2603,6.3788,6.0128,4.9514,4.9887,5.6442,5.2131,5.2913,5.0145,4.9882,5.4413,"5,5316",5,Feb 90,Dez 00,5.5316
35095120,Aquitania,Aquitania,Boyacá,5.56,-72.88,3021,IDEAM (aut.),5.2424,5.4119,4.7052,4.2467,4.0475,4.088,3.9552,4.0484,4.3252,4.4091,4.4735,5.0347,"4,499",15,Apr 05,Okt 22,4.499
35075070,Chinavita,Chinavita,Boyacá,5.22,-73.35,2012,IDEAM (aut.),3.6838,3.6721,3.2999,2.9291,2.8455,2.6692,2.5581,2.6657,2.8738,3.3574,3.4158,3.8065,"3,1481",11,Mrz 05,Apr 17,3.1481
24015180,Esclusa Tolón,Chiquinquirá,Boyacá,5.62,-73.78,2545,IDEAM (conv.),4.8567,4.1414,4.6264,3.9809,3.8553,4.4008,5.2137,4.4589,4.6857,4.3136,4.3857,4.0845,"4,417",3,Jan 83,Dez 90,4.417
24025030,La sierra,Duitama,Boyacá,5.97,-73.16,2700,IDEAM (conv.),4.4723,4.4283,4.0649,3.9904,4.0954,4.2977,4.2927,4.3871,4.3492,4.0745,3.8868,4.453,"4,2327",10,Jul 85,Dez 01,4.2327
24035120,Surbata Bonza,Duitama,Boyacá,5.8,-73.07,2485,IDEAM (conv.),4.9323,4.9398,4.9888,4.7415,4.6427,4.4076,4.5485,4.637,4.7011,4.7856,4.8272,4.953,"4,7588",7,Feb 87,Jun 97,4.7588
35085080,La Capilla,La Capilla ,Boyacá,5.1,-73.44,1917,IDEAM (aut.),5.3881,5.212,4.7381,4.3452,4.3461,3.6435,3.6934,3.8969,4.6413,5.0063,4.9856,5.1767,"4,5894",10,Mrz 05,Mai 17,4.5894
24035150,Belencito,Nobsa,Boyacá,5.78,-72.89,2530,IDEAM (conv.),4.686,4.7753,4.5418,3.7895,3.9961,4.3641,4.4765,4.6941,4.3296,4.1067,4.1425,4.7057,"4,384",4,Jan 85,Sep 94,4.384
24035430,Tunguavita,Paipa,Boyacá,5.75,-73.12,2470,IDEAM (aut.),5.5108,5.3779,4.7338,4.3095,4.325,4.3559,4.4395,4.368,4.3371,4.5449,4.7492,5.1501,"4,6835",13,Apr 05,Okt 22,4.6835
24015310,San Miguel De Sema,San Miguel de Sema,Boyacá,5.52,-73.72,2600,IDEAM (conv.),4.716,4.1903,4.8218,4.3159,4.1205,4.1554,4.4194,4.388,4.5427,3.7088,4.1507,4.4601,"4,3325",3,Jan 87,Nov 90,4.3325
23125160,San Pablo de Borbur,San Pablo de Borbur,Boyacá,5.65,-74.07,"741,6",IDEAM (aut.),4.6921,4.471,4.1281,4.5221,4.1808,4.5988,4.7189,4.9259,4.9726,4.7714,4.6042,4.8174,"4,6169",8,Jun 08,Apr 17,4.6169
35085070,Santa María,Santa María,Boyacá,4.84,-73.26,1300,IDEAM (aut.),3.9358,3.7376,3.2569,3.2453,3.0729,2.8501,2.8615,3.3464,4.0635,4.016,3.6312,3.6791,"3,4747",12,Apr 05,Apr 17,3.4747
24035360,Socha,Socha,Boyacá,5.99,-73.0,2503,IDEAM (aut.),5.1396,5.295,4.6927,4.1627,4.2063,4.2518,4.2336,4.205,4.1033,4.2342,4.2625,4.7311,"4,4598",11,Apr 05,Mai 17,4.4598
24035410,Sogamoso,Sogamoso,Boyacá,5.75,-72.91,2495,IDEAM (aut.),5.6176,5.4149,5.0308,4.4638,4.3464,4.3274,4.4777,4.2584,4.3096,4.398,4.6542,5.0814,"4,6983",5,Sep 12,Apr 17,4.6983
24035130,U P T C,Tunja,Boyacá,5.54,-73.36,2690,IDEAM (conv.),5.061,4.9797,4.8555,4.4796,4.1981,4.143,4.1671,4.2894,4.4125,4.5373,4.3412,4.5481,"4,5011",7,Dez 92,Dez 02,4.501
24015300,Villa de Leyva,Villa de Leyva,Boyacá,5.66,-73.54,2215,IDEAM (conv.),4.7372,4.705,4.5019,4.1856,4.0018,4.1912,4.3013,4.4542,4.4347,4.3824,4.0262,4.3547,"4,3564",7,Okt 91,Dez 98,4.3563
35085060,Zetaquira,Zetaquira,Boyacá,5.29,-73.17,1436,IDEAM (aut.),4.401,4.3487,3.8565,3.6791,3.4901,3.1202,2.9182,3.121,3.5528,3.9,4.1418,4.2786,"3,734",16,Apr 05,Okt 22,3.734
26155230,E.M.A.S.,Manizales,Caldas,5.09,-75.51,2211,IDEAM (aut.),4.1163,4.0512,3.7839,3.6708,3.5083,3.5847,4.046,4.0041,4.1145,3.7059,3.4866,3.729,"3,8168",11,Mai 05,Okt 16,3.8168
26155220,Villamaría,Villamaría,Caldas,5.05,-75.51,1906,IDEAM (aut.),4.5294,4.4403,4.2997,4.068,3.8959,3.8861,4.2045,4.2041,4.3511,4.1437,4.0641,4.2237,"4,1926",10,Mai 05,Okt 16,4.1925
46035010,Maguare,El doncello,Caqueta,1.64,-75.16,270,IDEAM (conv.),4.4076,4.1281,3.6306,3.3093,3.4924,3.0138,3.2928,3.7064,4.0519,4.3021,4.1128,4.6786,"3,8439",2,Jan 85,Mai 05,3.8439
44035010,Florencia,Florencia,Caqueta,1.62,-75.6,280,SUTRON,3.7382,3.7039,3.3835,3.5882,3.065,3.1702,3.2252,3.0846,3.542,3.5213,3.9578,3.7632,"3,4786",2,Feb 97,Okt 02,3.4786
44035040,Florencia - deslizamiento,Florencia,Caqueta,1.73,-75.65,600,IDEAM (aut.),3.8257,3.7285,3.2811,3.337,3.0937,3.0127,3.0275,3.3016,3.7266,3.6442,3.5425,3.7094,"3,4359",8,Feb 06,Jul 17,3.4359
44035050,Macagual - Florencia,Florencia,Caqueta,1.5,-75.66,280,IDEAM (aut.),4.0823,3.9526,3.3496,3.4854,3.0048,3.1938,3.1377,3.5777,3.77,3.939,3.9511,3.9187,"3,6136",6,Jul 05,Okt 15,3.6136
46015030,San Vicente del Caguan,San Vicente del Caguan,Caqueta,2.06,-74.76,300,IDEAM (aut.),4.8168,4.5532,4.1176,4.0205,4.0384,3.6744,3.7764,4.1825,4.9403,4.7354,4.6703,4.8892,"4,3679",10,Jul 09,Apr 20,4.3679
44135010,Araracuara,Solano,Caqueta,-0.62,-72.38,150,IDEAM (conv.),4.082,3.7617,3.8361,4.0188,3.7463,3.3018,4.0391,4.2272,4.3703,4.3433,4.0913,4.0535,"3,9893",4,Okt 86,Dez 99,3.9893
36015020,El Diamante,Paz de Ariporo,Casanare,5.82,-71.42,160,IDEAM (aut.),5.2889,5.4456,4.9497,4.5553,4.6354,4.2448,4.2466,4.7162,5.2316,5.2768,4.9798,5.1282,"4,8916",7,Okt 05,Sep 17,4.8916
35215020,Aeropuerto Yopal (El Alcaraván),Yopal,Casanare,5.32,-72.39,325,IDEAM (aut.),5.7474,5.595,4.8893,4.5118,4.4301,4.3572,4.2832,4.5284,5.1926,5.1297,5.1834,5.5218,"4,9475",6,Nov 09,Feb 17,4.9475
53075020,El Diviso,Argelia,Cauca,2.31,-77.26,1750,IDEAM (aut.),4.1726,4.4309,4.4611,4.4721,4.7802,5.2362,5.33,5.522,5.4543,4.8825,4.2419,4.3108,"4,7745",6,Jan 11,Okt 16,4.7746
52015050,Balboa,Balboa,Cauca,2.03,-77.22,1700,IDEAM (aut.),3.7448,3.5764,3.4961,3.3664,3.4084,3.6097,4.1273,4.6421,4.3555,3.7439,3.2422,3.4739,"3,7322",5,Jul 16,Okt 22,3.7322
53045040,Aeropuerto Guapi,Guapi,Cauca,2.57,-77.89,42,IDEAM (aut.),3.1646,3.3381,3.4811,3.8395,3.4747,3.465,3.398,3.726,3.7347,3.3163,2.9907,3.1865,"3,4263",7,Okt 05,Okt 16,3.4263
57025020,Gorgona,Guapi,Cauca,2.96,-78.17,10,SUTRON,3.4428,3.9089,3.9302,3.4615,2.8943,2.592,2.6674,2.9472,3.0622,2.951,2.8,2.8989,"3,1297",3,Feb 97,Jun 03,3.1297
21055070,Inza,Inza,Cauca,2.55,-76.06,1800,IDEAM (aut.),4.582,4.4739,4.2536,4.213,3.9919,3.7369,3.9682,3.8019,4.2407,4.346,4.36,4.4355,"4,2003",9,Dez 05,Sep 16,4.2003
52025090,La Sierra,La Sierra,Cauca,2.19,-76.75,1870,IDEAM (aut.),4.9466,4.8653,4.2873,4.0306,4.4246,4.6116,4.9797,4.9329,4.8112,4.6029,4.5097,4.8474,"4,6542",6,Okt 05,Okt 16,4.6541
52025080,Estrecho Patía,Patia,Cauca,1.96,-77.12,720,IDEAM (aut.),5.5997,5.0941,4.9601,4.8422,4.5737,4.6031,4.6323,4.9199,5.1366,5.0934,4.9264,5.0775,"4,9549",6,Okt 05,Okt 16,4.9549
26015040,Arrayanales,Popayán,Cauca,2.45,-76.44,2552,IDEAM (aut.),3.1519,3.0862,2.5512,2.9049,2.9426,3.2789,3.9246,3.9847,3.6573,2.7636,2.4174,2.8256,"3,1241",4,Dez 16,Okt 22,3.1241
26015010,ELTablazo,Popayán,Cauca,2.47,-76.58,1837,IDEAM (aut.),4.4405,4.574,4.0965,3.9382,3.804,3.8949,4.3497,4.5791,4.3182,4.0046,3.7465,4.1244,"4,1559",5,Dez 16,Okt 22,4.1559
23195240,Aguachica,Aguachica,Cesar,8.12,-73.58,103,IDEAM (aut.),5.1021,5.7276,5.3558,4.722,4.951,5.0971,5.6241,5.449,5.0999,4.9544,4.4065,4.6215,"5,0926",4,Sep 05,Sep 17,5.0926
28025070,Motilonia Codazzi,Agustin Codazzi,Cesar,10.0,-73.25,180,IDEAM (conv.),4.3689,4.5972,4.7538,4.6074,4.598,4.4753,4.3925,4.4689,4.6345,4.6486,4.3553,4.4456,"4,5288",9,Jan 86,Dez 95,4.5288
28025130,La Loma-Carbones del Cesar,El Paso,Cesar,9.64,-73.52,138,IDEAM (aut.),5.0629,5.8045,5.8187,6.0368,5.3596,5.6935,6.0532,6.0029,5.2915,4.7748,4.602,4.7769,"5,4398",6,Mai 15,Okt 22,5.4398
28035060,Fedearroz,Valledupar,Cesar,10.46,-73.25,"183,7",IDEAM (aut.),5.5331,5.844,5.5317,5.6296,5.4024,5.6482,5.7166,5.4823,5.2027,4.982,4.973,5.2272,"5,4311",12,Sep 05,Feb 17,5.4311
11159010,Capurgana,Acandi,Chocó,8.62,-77.33,19,IDEAM (aut.),4.0544,4.0169,4.1928,4.205,3.9839,4.5556,4.5593,4.5232,4.4969,4.3659,3.9242,3.8972,"4,2313",7,Apr 07,Nov 15,4.2313
13035501,Aeropuerto Los Garzones,Monteria,Córdoba,8.83,-75.83,20,IDEAM (aut.),4.9473,5.0899,4.7903,4.7142,4.2138,4.4516,4.6795,4.7665,4.3543,4.1338,4.2161,4.5558,"4,5761",8,Jun 15,Okt 22,4.5761
21205791,Eldorado Catam - AUT,Bogotá,Cundinamarca,4.71,-74.15,2547,IDEAM (aut.),4.7322,4.5234,3.9558,3.5564,3.4928,3.7272,3.7613,3.9735,3.8393,3.8795,3.9701,4.2787,"3,9742",9,Sep 14,Okt 22,3.9742
21205520,Eldorado Didáctica,Bogotá,Cundinamarca,4.7,-74.15,2546,IDEAM (conv.),4.6885,4.3354,4.3224,3.7167,3.506,3.6589,3.9193,4.1685,3.9504,3.9648,4.0162,4.1991,"4,0372",22,Mrz 81,Dez 04,4.0372
21206960,IDEAM Bogotá Centro,Bogotá,Cundinamarca,4.6,-74.07,2646,IDEAM (aut.),3.9304,4.0093,3.5139,3.5595,3.5244,3.7575,4.1455,4.2051,4.1955,3.4943,3.176,3.4891,"3,75",9,Dez 13,Okt 22,3.75
21206600,Nueva Generación,Bogotá,Cundinamarca,4.78,-74.09,2590,IDEAM (aut.),4.0743,3.9837,3.6595,3.3837,3.3449,3.5137,3.6018,3.7303,3.6976,3.4744,3.404,3.7477,"3,6346",8,Feb 15,Okt 22,3.6346
21205012,Universidad Nacional,Bogotá,Cundinamarca,4.64,-74.09,2556,IDEAM (aut.),4.5516,4.4037,3.5758,3.6002,3.6209,3.8303,4.029,4.0885,3.9352,3.764,3.6728,4.1484,"3,935",10,Jun 12,Okt 22,3.935
21206920, Villa Teresa,Bogotá,Cundinamarca,4.35,-74.15,3624,IDEAM (aut.),4.6458,4.3344,3.78,3.3922,3.6903,3.8383,3.9453,3.8242,4.0162,3.8452,3.7246,4.2109,"3,9373",14,Mai 07,Okt 22,3.9373
21205480,La Iberia,Chocontá,Cundinamarca,5.03,-73.72,2760,IDEAM (conv.),4.7264,4.2356,4.7869,3.9868,3.8856,3.8146,3.4797,3.339,4.0263,4.5171,4.345,4.2322,"4,1146",6,Jan 80,Dez 90,4.1146
21205410,Represa del Neusa,Cogua,Cundinamarca,5.15,-73.98,3100,IDEAM (conv.),4.6264,4.0472,4.2543,3.7763,3.6332,3.5251,3.7007,4.1542,4.2543,3.967,4.0368,4.3333,"4,0257",7,Jan 80,Dez 90,4.0257
21205160,La Ramada,Funza,Cundinamarca,4.72,-74.18,2545,IDEAM (conv.),4.3765,3.9307,4.4081,4.0363,4.2498,4.1524,4.4457,4.6181,4.6392,4.5853,4.5207,4.7436,"4,3922",3,Jan 83,Dez 90,4.3922
21235030,Universidad de Cundinamarca,Girardot,Cundinamarca,4.31,-74.81,309,IDEAM (aut.),4.9583,5.1395,4.8752,4.8487,5.0168,4.99,5.5793,5.6798,5.7358,5.428,4.9347,5.043,"5,1858",6,Jan 14,Okt 22,5.1858
21206980,Santa Cruz de Siecha,Guasca,Cundinamarca,4.78,-73.87,3100,IDEAM (aut.),4.204,4.1933,3.6841,3.4714,3.5956,3.7111,3.7834,3.6228,3.593,3.6734,3.6687,4.1343,"3,7779",15,Apr 05,Okt 22,3.7779
21206990,Tibaitatá,Mosquera,Cundinamarca,4.69,-74.21,2543,IDEAM (aut.),4.7532,4.7825,4.1333,3.884,3.6209,3.8386,3.8946,4.1176,4.202,4.0483,3.975,4.3238,"4,1312",17,Feb 05,Okt 22,4.1312
21206790,Hacienda Santa Ana,Nemocón,Cundinamarca,5.09,-73.88,2572,IDEAM (aut.),4.8524,4.7555,4.0505,3.8593,3.9434,4.0294,4.132,4.0066,3.9141,4.1767,4.2776,4.7631,"4,2301",15,Mrz 05,Okt 22,4.2301
21195190,Pasca,Pasca,Cundinamarca,4.31,-74.31,2256,IDEAM (aut.),4.3803,4.0832,3.7729,3.8595,3.7793,3.8235,3.8449,3.9253,4.1258,3.9387,3.6784,4.0549,"3,9389",12,Jul 08,Okt 22,3.9389
23035020,Aeropuerto Palanquero,Puerto Salgar,Cundinamarca,5.47,-74.65,172,IDEAM (conv.),4.9334,4.8939,4.5357,5.2998,5.9778,5.8604,5.5336,5.9383,5.3859,5.5033,5.4324,5.5824,"5,4064",2,Jan 83,Dez 85,5.4064
23065190,Quebrada Negra,Quebrada Negra,Cundinamarca,5.14,-74.48,1107,IDEAM (aut.),4.6623,4.8279,4.6554,4.5264,4.4847,4.6116,4.76,4.4241,4.8066,4.7661,4.6473,4.6282,"4,6501",8,Apr 05,Jan 16,4.6501
23125170,San Cayetano,San Cayetano,Cundinamarca,5.33,-74.02,2807,IDEAM (aut.),3.2869,3.0144,2.8886,3.0384,3.2667,3.4723,3.6399,3.4521,3.5346,3.1136,2.8434,3.4172,"3,2474",8,Feb 05,Sep 16,3.2473
21205610,Muña,Sibaté,Cundinamarca,4.55,-74.25,2565,IDEAM (conv.),4.4194,4.588,4.4555,3.9658,4.1193,4.288,4.5962,4.5508,4.5055,3.9007,4.0089,4.0682,"4,2889",7,Mrz 80,Dez 90,4.2889
24015130,Simijaca,Simijaca,Cundinamarca,5.5,-73.85,2572,IDEAM (conv.),5.0742,5.4394,5.8243,4.9951,5.0021,4.6508,5.3824,5.3649,4.9486,4.4834,4.8171,4.9904,"5,0811",3,Jan 85,Dez 90,5.0811
21205570,La Primavera,Subachoque,Cundinamarca,4.85,-74.22,2590,IDEAM (conv.),4.6834,4.5485,4.9521,4.2019,4.1147,4.1845,4.3601,4.2403,4.5055,4.2973,4.6148,4.3927,"4,4246",8,Jan 80,Dez 90,4.4247
21205650,Tabio,Tabio,Cundinamarca,4.77,-73.93,2620,IDEAM (conv.),4.6776,3.7774,3.8053,3.3076,3.4041,3.6658,3.5006,3.6762,3.5599,3.7716,4.2647,3.9484,"3,7799",6,Jan 80,Dez 90,3.7799
24015110,La Boyera,Villa de San Diego de Ubaté,Cundinamarca,5.3,-73.85,2610,IDEAM (aut.),4.8043,4.8083,4.2583,3.9747,3.9096,4.0038,4.0119,4.1801,4.3416,4.1952,4.0605,4.5376,"4,2571",15,Aug 05,Okt 22,4.2572
24015190,Novilleros,Villa de San Diego de Ubaté,Cundinamarca,5.33,-73.78,2550,IDEAM (conv.),4.5659,4.4531,4.7171,4.1705,3.9705,3.796,4.0077,4.2124,4.3229,4.324,4.003,4.2159,"4,2299",8,Jan 80,Dez 90,4.2299
23065180,Villeta,Villeta,Cundinamarca,5.02,-74.47,878,IDEAM (aut.),4.814,4.6646,4.5489,4.5311,4.4693,4.2499,4.414,4.4856,4.624,4.8242,4.8991,4.8868,"4,6176",15,Mai 05,Okt 22,4.6176
31095030,Puerto Inírida,Puerto Inirida,Guainia,3.87,-67.92,100,SUTRON,4.508,4.3327,3.9473,4.146,3.6413,3.8497,3.5306,3.8581,4.2893,4.1475,4.1537,4.2456,"4,0541",4,Feb 97,Sep 02,4.0541
21115180,Hacienda Manila,Baraya,Huila,3.13,-75.08,600,IDEAM (aut.),5.4855,5.2525,4.8814,5.0645,5.1545,4.934,5.0632,4.9293,5.2272,5.1452,5.1315,5.2449,"5,1261",6,Jul 05,Okt 16,5.1261
21105060,Hidrobetania,Campoalegre,Huila,2.71,-75.42,500,IDEAM (conv.),4.4627,4.4314,4.1888,4.0683,4.3204,4.5341,4.4541,4.3711,4.8257,4.4918,4.7125,4.3873,"4,4373",4,Apr 90,Feb 97,4.4373
21115170,La Plata,Neiva (rural),Huila,2.76,-75.07,2101,IDEAM (aut.),4.297,3.8932,3.5787,3.6193,3.7383,3.7506,3.769,3.7638,4.1328,3.8789,3.8308,3.8345,"3,8406",9,Jul 05,Sep 16,3.8406
21115020,Aeropuerto Benito Salas,Neiva,Huila,2.95,-75.29,439,IDEAM (conv.),4.836,4.7004,4.6012,4.6146,4.5462,4.5501,4.5097,4.6566,4.7851,4.7823,4.5511,4.618,"4,6459",13,Mrz 90,Aug 03,4.6459
21015070,Los Guacharos,Palestina,Huila,1.68,-76.11,1590,IDEAM (aut.),3.7442,3.3853,2.9885,3.3234,3.2542,3.2356,3.2976,3.286,3.8945,3.428,3.3332,3.3908,"3,3801",7,Jun 06,Okt 16,3.3801
21015060,Marengo,Pitalito,Huila,2.22,-76.12,1550,IDEAM (aut.),4.6329,4.1894,3.8525,4.2916,4.198,3.9021,3.7195,3.8249,4.475,4.2549,4.217,4.3381,"4,158",6,Okt 08,Sep 16,4.158
21015040,La Primavera,Salado Blanco,Huila,2.02,-76.11,1919,IDEAM (aut.),4.0872,3.736,3.6253,4.0611,4.1929,3.8983,3.7703,4.0148,4.4861,4.0718,3.4738,3.3914,"3,9007",8,Jul 05,Aug 16,3.9008
21015030,Parque Arqueológico,San Agustin,Huila,1.89,-76.29,1800,IDEAM (conv.),4.7169,4.6575,4.3111,4.4687,4.6023,4.3842,4.1368,4.2287,4.8949,4.8291,4.7779,4.8266,"4,5696",13,Mai 90,Aug 03,4.5696
21015050,Puracé,San Agustin,Huila,1.93,-76.43,1900,IDEAM (aut.),4.1736,4.5394,3.9814,3.9408,4.0737,3.6162,3.0582,3.5316,4.0549,4.3531,4.4371,4.5061,"4,0222",4,Nov 16,Nov 21,4.0222
15065501,La Mina,Albania,La Guajira,11.14,-72.62,80,IDEAM (conv.),5.0916,4.717,5.1054,5.019,5.0302,5.1889,5.3096,5.5274,5.0764,5.0379,4.7756,4.4989,"5,0315",7,Apr 89,Dez 00,5.0315
15065501,La Mina,Albania,La Guajira,11.14,-72.62,80,IDEAM (aut.),5.0735,5.4018,5.2534,5.0692,4.9575,5.1291,5.4569,4.9015,4.7916,4.926,4.8133,5.0135,"5,0656",5,Mai 18,Okt 22,5.0656
15065180,Aeropuerto Almirante Padilla,Riohacha,La Guajira,11.53,-72.92,4,IDEAM (aut.),4.6349,5.2428,5.4392,5.2612,5.4122,5.9442,6.1373,5.9938,5.6311,4.9628,4.5194,4.627,"5,3172",7,Dez 14,Okt 22,5.3172
15075150,Granja Paici,Uribia,La Guajira,11.59,-72.33,45,IDEAM (aut.),5.4813,5.9597,5.4091,5.8592,5.5374,6.1628,6.183,6.01,5.6864,4.9907,4.944,4.9854,"5,6008",12,Apr 05,Dez 19,5.6007
15085020,Nazareth,Uribia,La Guajira,12.18,-71.28,85,IDEAM (conv.),4.868,4.7638,5.3658,5.0236,4.8802,6.076,5.6448,5.511,5.0752,4.5594,4.3891,4.2607,"5,0348",3,Dez 86,Sep 94,5.0348
15075501,Puerto Bolivar (Aeropuerto),Uribia,La Guajira,12.22,-71.98,10,IDEAM (aut.),5.1921,5.6386,5.8096,5.6512,5.78,6.0385,6.2297,6.2275,5.9576,5.1367,5.0272,5.0108,"5,6416",3,Nov 17,Okt 22,5.6416
15085050,Toromana,Uribía,La Guajira,12.08,-71.21,144,IDEAM (aut.),5.1313,5.4601,5.8165,5.3586,5.7779,6.0142,6.369,5.7884,5.8747,4.8901,4.8045,4.8444,"5,5108",4,Mai 17,Mrz 22,5.5108
29065130,La Gran Via,Aracataca,Magdalena,10.85,-74.13,30,IDEAM (aut.),5.2207,5.421,5.2998,5.3393,5.3623,5.1224,5.148,4.9944,4.8855,4.6077,4.5752,4.9191,"5,0746",9,Okt 08,Feb 17,5.0746
29065120,Batallón No. 6,Fundación ,Magdalena,10.47,-73.93,1280,IDEAM (aut.),4.4235,4.9985,4.5985,3.7112,3.2821,3.723,3.8347,3.6714,3.9196,3.6681,3.6041,3.9547,"3,9491",6,Sep 13,Jan 22,3.9491
15015120,Universidad Tecnológica de Magdalena,Santa Marta,Magdalena,11.22,-74.19,7,IDEAM (aut.),5.9277,6.2736,6.0815,6.0793,5.8723,5.7366,5.6891,5.3681,5.4923,4.8857,4.803,5.4385,"5,6373",8,Sep 07,Feb 17,5.6373
29065030,Prado Sevilla,Zona Bananera,Magdalena,10.76,-74.15,18,IDEAM (conv.),5.3731,5.5632,5.6987,5.694,5.3497,5.3953,5.5549,5.4347,5.1095,5.1669,5.0251,5.4088,"5,3978",6,Jan 90,Sep 99,5.3978
32075040,La Holanda,Granada,Meta,3.52,-73.72,360,IDEAM (conv.),4.8505,4.4339,4.0209,3.8124,3.9012,3.9056,3.8956,3.9455,4.4588,4.332,4.5123,4.3603,"4,2024",3,Feb 00,Nov 02,4.2024
35185010,La Palomera,Puerto Lopez,Meta,4.26,-72.56,188,IDEAM (aut.),5.0189,5.1362,4.5061,4.2383,4.0739,3.8984,3.8858,4.3453,4.6495,4.6641,4.7059,4.9706,"4,5078",11,Sep 05,Okt 22,4.5077
35035110,Salinas de Upin,Restrepo,Meta,4.27,-73.59,690,IDEAM (aut.),3.0266,2.9004,2.6637,2.7017,2.5491,2.4186,2.4238,2.9508,3.6115,3.2485,2.836,2.9481,"2,8566",14,Jul 08,Okt 22,2.8566
35035020,Aeropuerto Vanguardia,Villavicencio,Meta,4.16,-73.62,422,IDEAM (conv.),4.7849,4.5124,4.3371,4.5658,4.6992,4.6395,4.5429,4.9932,5.3178,5.2861,4.7364,4.58,"4,7496",10,Jan 90,Mai 01,4.7496
35035100,ICA Villavicencio,Villavicencio,Meta,4.14,-73.63,444,IDEAM (aut.),5.2076,4.7416,4.376,4.4067,4.4222,4.2427,4.3582,4.5853,5.2648,5.102,4.8392,4.9056,"4,7043",10,Mrz 07,Sep 16,4.7043
35025110,La Libertad,Villavicencio,Meta,4.06,-73.47,336,IDEAM (aut.),5.1484,5.3093,4.8744,4.7898,4.9713,4.4744,4.4905,4.9132,5.4088,4.9867,4.7718,5.0083,"4,9289",6,Mai 11,Jun 18,4.9289
52055230,Aeropuerto San Luis,Aldana,Nariño,0.86,-77.68,2961,IDEAM (conv.),4.236,3.9509,3.9026,3.9809,4.1615,4.3377,4.3019,4.0589,4.2036,4.2301,3.997,4.0035,"4,1137",5,Jan 85,Jul 03,4.1137
52055170,La Josefina,Contadero,Nariño,0.93,-77.49,2450,IDEAM (aut.),4.1367,4.3311,4.1214,4.4022,4.3864,4.5116,4.5228,4.1429,4.4448,4.5413,4.3542,4.1228,"4,3348",5,Nov 16,Okt 22,4.3348
52055210,Botana,Pasto,Nariño,1.16,-77.28,2820,IDEAM (aut.),3.8755,3.552,3.4782,3.6879,3.6781,3.711,3.8944,4.0,4.1335,3.8433,3.7737,3.4832,"3,7592",11,Mai 05,Okt 16,3.7592
52045010,Obonuco,Pasto,Nariño,1.2,-77.3,2710,IDEAM (conv.),3.7106,3.4179,3.5638,3.5747,3.4974,3.3021,3.5761,3.5559,3.5309,3.5448,3.4755,3.4733,"3,5186",5,Sep 89,Dez 93,3.5186
52045080,Uninariño,Pasto,Nariño,1.23,-77.28,2626,IDEAM (aut.),4.4377,4.3932,4.1941,4.3833,4.2422,4.3321,4.2218,4.2954,4.4133,4.5324,4.5379,4.4294,"4,3677",5,Nov 16,Okt 22,4.3677
52055150,Cerro Paramo-Puerres,Puerres,Nariño,0.84,-77.39,3585,IDEAM (aut.),2.6207,2.5371,2.3898,2.5644,2.4989,1.8714,1.8509,1.8494,2.1985,2.9456,3.0782,2.8141,"2,4349",10,Dez 05,Okt 16,2.4349
52035040,Viento Libre ,Taminango,Nariño,1.62,-77.34,1400,IDEAM (aut.),4.979,4.5149,4.6387,4.6974,4.5985,4.8119,4.8676,5.0993,5.15,4.8623,4.837,4.743,"4,8166",9,Nov 05,Okt 16,4.8166
52055220,El Paraíso,Tuquerres,Nariño,1.07,-77.64,3120,IDEAM (aut.),3.7442,3.6347,3.2942,3.6985,3.7324,3.7471,3.8499,3.9667,3.9715,3.7824,3.6203,3.7385,"3,7317",5,Jan 06,Okt 16,3.7317
16055040,Abrego,Abrego,Norte de Santander,8.09,-73.22,1430,IDEAM (conv.),4.9109,4.8049,4.8391,4.5827,4.5156,4.8417,4.8858,4.7194,4.7233,4.7208,4.5105,4.7092,"4,7303",7,Feb 89,Mai 02,4.7303
16015501,Apto Camilo Daza,Cúcuta,Norte de Santander,7.93,-72.51,313,IDEAM (aut.),4.4474,4.5784,4.3841,4.8234,5.2199,4.9924,5.2258,5.732,5.4849,5.0018,4.6222,4.4379,"4,9125",8,Okt 15,Okt 22,4.9125
16025040,Cinera Villa Olga,Cúcuta,Norte de Santander,8.17,-72.47,100,IDEAM (conv.),4.1854,4.7075,5.0867,4.8779,5.3211,5.7281,5.7418,6.0067,6.1414,5.4479,5.0054,4.6044,"5,2378",4,Jan 87,Aug 05,5.2379
16015110,Universidad Francisco de Paula Santander,Cucuta,Norte de Santander,7.9,-72.49,311,IDEAM (aut.),5.023,5.1414,4.7114,4.9727,5.4533,5.3236,5.4314,5.7198,6.1554,5.5742,5.2297,4.8777,"5,3011",10,Jan 06,Dez 15,5.3011
16015130,Alcaldía de Herrán,Herrán,Norte de Santander,7.51,-72.49,2040,IDEAM (aut.),4.1115,4.187,3.7121,3.3077,3.5355,3.8053,3.9693,4.0917,4.1553,3.7225,3.4655,3.6596,"3,8103",6,Nov 06,Apr 17,3.8102
16055120,Aguas de la Virgen,Ocaña,Norte de Santander,8.23,-73.4,1700,IDEAM (aut.),4.1635,4.2427,3.7744,3.4677,3.959,4.0638,4.3471,4.3703,4.4315,3.8013,3.3826,3.9865,"3,9992",5,Jun 17,Okt 22,3.9992
16015120,Unipamplona,Pamplona,Norte de Santander,7.36,-72.67,2362,IDEAM (aut.),4.3994,4.2601,3.7306,3.5367,3.6553,3.6418,3.865,4.2535,4.3478,4.0829,3.8731,4.3861,"4,0027",10,Okt 09,Okt 22,4.0027
16025030,Salazar,Salazar,Norte de santander,7.77,-72.83,860,IDEAM (conv.),4.6675,4.557,4.2924,4.5499,5.0615,5.0328,5.3411,5.5156,5.4707,5.0369,4.8019,4.4973,"4,9021",7,Jan 91,Jul 01,4.9021
44015060,Acueducto Mocoa,Mocoa,Putumayo,1.16,-76.65,650,IDEAM (aut.),3.5011,2.9703,2.9388,3.1275,2.872,2.6177,2.7153,3.2803,3.7584,3.9056,3.7214,3.4639,"3,2394",6,Jan 11,Okt 16,3.2394
44015070,El Pepino,Mocoa,Putumayo,1.08,-76.67,760,IDEAM (aut.),3.6222,3.4763,3.1577,3.5355,3.3212,2.8628,3.1243,3.1816,3.7444,3.9743,3.8948,3.8039,"3,4749",8,Aug 05,Okt 16,3.4749
26125290,Armenia,Armenia,Quindío,4.53,-75.69,1485,IDEAM (aut.),4.1442,4.1336,4.057,3.9092,3.7248,3.8892,4.3581,4.399,4.5221,4.0034,3.9998,3.8049,"4,0788",10,Feb 06,Okt 16,4.0788
26125061,Apto. El Edén,Armenia,Quindío,4.45,-75.77,1229,IDEAM (aut.),5.3269,5.1096,4.9676,4.7571,4.5654,4.5443,4.944,5.391,5.1664,4.979,4.2009,4.3189,"4,8559",5,Jul 16,Okt 22,4.8559
26125300,Calarcá,Calarcá,Quindío,4.53,-75.6,2255,IDEAM (aut.),3.094,2.8566,2.6047,2.491,2.5005,2.669,2.9875,3.2033,3.3243,2.666,2.4238,2.654,"2,7896",10,Mai 05,Okt 16,2.7896
26145090,Santa Emilia,Belen de Umbria,Risaralda,5.21,-75.9,1748,IDEAM (aut.),3.7642,4.1489,4.0206,3.5224,3.7352,4.2718,4.5821,4.5336,4.3826,3.7038,3.3178,3.4739,"3,9547",10,Okt 05,Okt 16,3.9547
26135290,Marsella,Marsella,Risaralda,4.93,-75.74,1659,IDEAM (aut.),4.3206,4.2618,4.3213,4.0331,4.0126,4.0192,4.3754,4.402,4.4254,4.0757,3.9506,3.9024,"4,175",10,Mai 05,Okt 16,4.175
26125710,Apto. matecaña ,Pereira,Risaralda,4.81,-75.74,1342,IDEAM (aut.),4.697,4.8829,4.9284,4.3892,4.2632,4.2294,4.465,4.7953,4.7926,4.4719,4.2683,4.4148,"4,5498",7,Dez 14,Sep 22,4.5498
26135300,Parque Nacional Natural Quimbaya,Pereira,Risaralda,4.76,-75.74,1881,IDEAM (aut.),4.0184,3.874,3.5828,3.5742,3.5211,3.6237,4.0176,3.8811,3.9832,3.4962,3.1647,3.4628,"3,6833",8,Mai 05,Okt 16,3.6833
17015010,Aeropuerto Sesquicentenario,San Andrés,San Andrés y Providencia,12.54,-81.73,1,IDEAM (aut.),4.7164,6.145,6.6306,5.9101,5.432,5.0051,5.4449,5.2683,5.1931,4.5917,4.3642,4.4161,"5,2598",4,Jul 14,Sep 18,5.2598
17035010,Serranilla,Serranilla,San Andrés y Providencia,15.8,-79.85,3,SUTRON,4.4244,4.8174,5.4453,5.8812,5.8475,5.8354,5.6965,5.3989,4.4667,4.1917,4.245,3.671,"4,9934",4,Jan 99,Apr 03,4.9934
24055080,Vizcaína-La Lizama,Barrancabermeja,Santander,6.98,-73.7,114,IDEAM (aut.),4.6051,4.7445,4.4797,4.3605,4.4283,4.5328,4.7761,4.9492,4.9181,4.6644,4.2687,4.237,"4,5804",6,Sep 10,Jun 17,4.5804
23195230,Neomundo,Bucaramanga,Santander,7.1,-73.11,970,IDEAM (aut.),4.4433,4.7962,4.6599,4.7342,4.4722,4.2586,4.2512,4.4145,4.6223,4.3865,4.044,4.3355,"4,4515",7,Dez 14,Apr 21,4.4515
23195502,Aeropuerto Palonegro,Lebrija,Santander,7.12,-73.18,1189,IDEAM (aut.),5.0838,5.3299,4.8129,4.5431,4.5171,4.5802,4.6667,4.4212,5.0162,4.846,4.5937,4.8759,"4,7739",7,Sep 15,Okt 22,4.7739
24025090,Mogotes,Mogotes,Santander,6.47,-72.97,1673,IDEAM (aut.),4.3749,4.5833,4.0531,4.0339,3.9246,4.0023,4.0141,4.1732,4.1948,4.0945,3.9564,4.0636,"4,1224",8,Apr 05,Aug 16,4.1224
24025020,El Cucharo,Pinchote,Santander,6.53,-73.2,975,IDEAM (conv.),4.8621,4.8891,4.9699,4.8133,4.7885,4.7276,4.7898,5.1186,5.1005,5.1168,4.9822,4.9888,"4,9289",10,Nov 91,Mai 02,4.9289
24055070,San Vicente de Chucurí,San Vicente de Chucurí,Santander,6.82,-73.47,1073,IDEAM (aut.),3.366,3.6254,3.0171,3.0165,3.1198,3.4187,3.5895,3.6292,3.6522,3.1703,2.8728,2.8134,"3,2742",6,Mai 05,Mai 17,3.2742
25025280,El Tesoro - IDEAM,Morroa,Sucre,9.36,-75.29,168,IDEAM (aut.),5.0814,5.4885,5.479,4.8039,4.3865,5.1155,4.8571,4.979,4.1819,4.015,4.2311,4.3687,"4,749",2,Sep 14,Feb 17,4.749
25025340,San Marcos,San Marcos,Sucre,8.6,-75.14,31,IDEAM (aut.),5.0497,5.1623,5.0983,4.9222,4.6564,4.9577,5.1588,5.2121,4.898,4.6229,4.3358,4.4843,"4,8799",7,Okt 05,Nov 16,4.8799
25025350,Puerta  Roja,Sincelejo,Sucre,9.32,-75.39,160,IDEAM (aut.),5.0033,5.2401,4.795,4.4294,3.9957,4.6131,4.6024,4.5178,4.3979,3.9778,3.7509,4.2564,"4,465",5,Mai 05,Feb 17,4.465
21255160,Hacienda Pajonales,Ambalema,Tolima,4.76,-74.83,277,IDEAM (aut.),4.8632,4.8391,4.5114,4.9153,4.9041,4.8968,5.2118,5.1561,5.2204,4.8126,4.8854,5.0464,"4,9385",10,Apr 05,Okt 16,4.9386
21215190,Cajamarca,Cajamarca,Tolima,4.44,-75.5,2530,IDEAM (aut.),3.7312,4.0774,4.1156,4.0354,4.2111,3.9904,4.2544,3.9162,3.9328,3.9188,3.6269,3.6377,"3,954",9,Dez 06,Jan 16,3.954
21185090,Nataima,Espinal,Tolima,4.19,-74.96,393,IDEAM (aut.),4.3995,5.1463,4.8517,5.1008,4.8919,5.1059,5.229,5.3362,5.6443,5.2595,4.7011,4.3779,"5,0037",7,Mrz 07,Sep 16,5.0037
21185030,Guamo,Guamo,Tolima,4.01,-74.98,360,IDEAM (conv.),5.0168,4.7839,4.511,4.9796,5.0779,4.8246,5.0354,5.4429,5.5199,5.3952,5.0069,4.8282,"5,0352",3,Apr 93,Dez 00,5.0352
21245040,Aeropuerto Perales,Ibagué,Tolima,4.42,-75.14,943,IDEAM (conv.),4.6156,4.5833,4.6212,4.6597,4.6279,4.7179,4.8961,5.0374,4.8468,4.6797,4.4046,4.3327,"4,6686",7,Nov 89,Dez 99,4.6686
21215180,Batallón Rooke,Ibagué,Tolima,4.42,-75.25,1323,IDEAM (aut.),4.5073,4.5463,4.5793,4.5327,4.5557,4.9853,5.1601,4.9814,5.0878,4.6213,4.2081,4.2695,"4,6696",8,Dez 06,Sep 16,4.6696
21215160,Cerros Noroccidentales,Ibagué,Tolima,4.47,-75.24,1946,IDEAM (aut.),3.5155,3.2426,3.0071,3.3204,3.1021,3.5845,4.0858,4.3309,4.6228,3.4053,2.5355,2.8129,"3,4638",10,Nov 05,Mai 17,3.4638
21255170,Murillo,Murillo,Tolima,4.87,-75.17,3023,IDEAM (aut.),3.6928,3.8807,3.9444,4.0516,4.6401,5.2604,5.402,5.188,4.9145,3.8462,3.4555,3.6034,"4,3233",10,Nov 05,Sep 16,4.3233
26115090,Las Brisas,Ansermanuevo,Valle del Cauca,4.78,-76.14,1971,IDEAM (aut.),4.3358,4.2804,4.3248,4.4015,4.3689,4.975,5.2942,5.1744,5.2345,4.6166,4.1122,4.3539,"4,6227",4,Jun 05,Jun 16,4.6227
26085170,Base aerea Marco Fidel Suarez,Cali,Valle del Cauca,3.45,-76.5,975,IDEAM (aut.),4.5135,4.8234,4.7045,4.8397,4.4773,4.6274,5.1976,5.595,5.2752,4.512,4.224,4.4772,"4,7722",3,Dez 16,Mai 20,4.7722
26085160,Siloe,Cali,Valle del Cauca,3.43,-76.56,1238,IDEAM (aut.),4.1224,4.4813,4.5339,4.3704,4.1314,4.2609,4.738,4.7389,4.9617,4.3206,3.7515,4.0639,"4,3729",5,Jul 07,Okt 16,4.3729
26055120,Univalle,Cali,Valle del Cauca,3.38,-76.53,996,IDEAM (aut.),4.5683,4.5642,4.5258,4.4361,4.3128,4.4881,4.7625,4.8295,4.7944,4.4735,4.1334,4.2344,"4,5102",9,Nov 06,Okt 16,4.5103
26105250,Zaragoza,Cartago,Valle del Cauca,4.69,-75.93,943,IDEAM (aut.),5.038,5.0505,5.4506,5.2719,5.1164,5.197,5.4572,5.3822,5.7011,5.0595,4.9384,4.8173,"5,2067",4,Jun 05,Jul 16,5.2067
26075120,La Diana,Florida,Valle del Cauca,3.31,-76.19,1615,IDEAM (aut.),3.7838,3.9616,3.6688,3.5634,3.3822,3.4763,3.6003,3.7584,3.8134,3.5433,3.3017,3.4475,"3,6084",6,Nov 16,Okt 22,3.6084
26095320,El Vinculo,Guadalajara de Buga,Valle del Cauca,3.83,-76.3,981,IDEAM (aut.),4.3009,3.992,4.4487,4.4985,4.1386,4.2197,4.341,4.3797,4.5887,4.2224,4.1963,4.2976,"4,302",6,Jun 05,Okt 16,4.302
26055110,La independencia,Jamundí,Valle del Cauca,3.19,-76.57,997,IDEAM (aut.),5.0629,5.3734,5.1215,4.9715,4.7195,4.6691,5.0153,5.3183,5.537,5.2184,4.8906,4.8685,"5,0638",6,Nov 16,Okt 22,5.0638
26075150,Apto. A. Bonilla Aragón,Palmira,Valle del Cauca,3.53,-76.38,961,IDEAM (aut.),5.0197,5.21,5.076,4.599,4.7511,4.7072,5.0325,4.729,5.2803,4.9426,4.7364,4.8528,"4,9114",8,Sep 14,Okt 22,4.9114
26075050,Ing. Manuelita,Palmira,Valle del Cauca,3.57,-76.28,1020,IDEAM (conv.),4.6584,4.6287,4.6752,4.5296,4.3709,4.2416,4.5536,4.7012,4.6069,4.5522,4.3678,4.4074,"4,5245",19,Jul 74,Jun 05,4.5245
34015010,Las Gaviotas,Cumaribo,Vichada,4.55,-70.93,171,IDEAM (conv.),5.16,5.0156,4.7083,4.254,4.0163,3.8498,4.0072,4.2389,4.5635,4.5024,4.3989,4.8398,"4,4629",12,Jan 89,Apr 01,4.4629
